frecuencia_base,resp,estimulo,productividad_afijo,ciclo.thisRepN,ciclo.thisTrialN,ciclo.thisN,ciclo.thisIndex,key_resp_4.keys,key_resp_4.corr,key_resp_4.rt,date,frameRate,expName,participant,
high,left,cabezada,high,0,0,0,8,None,0,,2014_Oct_04_1408,59.9700314555,decision_lexica_visual,,
high,right,viomilista,low,0,1,1,30,left,0,0.000164985656738,2014_Oct_04_1408,59.9700314555,decision_lexica_visual,,
high,right,gemedal,low,0,2,2,28,left,0,1.43405103683,2014_Oct_04_1408,59.9700314555,decision_lexica_visual,,
high,left,jardinero,high,0,3,3,11,left,1,1.53384208679,2014_Oct_04_1408,59.9700314555,decision_lexica_visual,,
low,left,lioso,high,0,4,4,2,left,1,1.18399810791,2014_Oct_04_1408,59.9700314555,decision_lexica_visual,,
low,right,diresdor,high,0,5,5,19,None,0,,2014_Oct_04_1408,59.9700314555,decision_lexica_visual,,
low,left,estacazo,low,0,6,6,7,right,0,0.000181913375854,2014_Oct_04_1408,59.9700314555,decision_lexica_visual,,
